chosen_strategy,count,avg_recall,avg_latency,percentage
brute-force fallback,2133,0.9651692451945617,4.013792780121894,8.5
covering search,7859,0.9502820969589006,0.850634940832167,31.4
root search,10291,0.9500396462928773,0.8501438149839665,41.2
upward search,4717,0.949750688997244,0.8479436082255671,18.9
